precision,recall,threshold
0.282,1.0,0.03547793166114905
0.2822822822822823,1.0,0.036993726490908284
0.28256513026052105,1.0,0.04853111504166258
0.28284854563691075,1.0,0.04955859949430819
0.28313253012048195,1.0,0.05930483142712816
0.2834170854271357,1.0,0.06105023015519163
0.2837022132796781,1.0,0.06332564646021635
0.283987915407855,1.0,0.0647513039737204
0.2842741935483871,1.0,0.0680027761607768
0.28456104944500504,1.0,0.07079449946754109
0.28484848484848485,1.0,0.07232961849413262
0.2851365015166835,1.0,0.07250662870520179
0.2854251012145749,1.0,0.076324075819632
0.2857142857142857,1.0,0.07710931442055403
0.28600405679513186,1.0,0.07794959912946703
0.2862944162436548,1.0,0.07863329076430557
0.2865853658536585,1.0,0.07894381326075353
0.28687690742624616,1.0,0.08581120019317223
0.28716904276985744,1.0,0.09052338878248127
0.2874617737003058,1.0,0.09261170693880443
0.28775510204081634,1.0,0.09549977886908372
0.28804902962206336,1.0,0.09561255806563931
0.2883435582822086,1.0,0.09679533281177459
0.28863868986693964,1.0,0.09791198457835658
0.2889344262295082,1.0,0.09855549197760599
0.28923076923076924,1.0,0.09861007472494734
0.28952772073921973,1.0,0.09910121874848951
0.289825282631038,1.0,0.09942059132311723
0.29012345679012347,1.0,0.10194002100994089
0.29042224510813597,1.0,0.10366200659307699
0.2907216494845361,1.0,0.1052435413662488
0.29102167182662536,1.0,0.10590137390652142
0.29132231404958675,1.0,0.10815176881810648
0.29162357807652534,1.0,0.108570992713348
0.2919254658385093,1.0,0.10953617123804259
0.2922279792746114,1.0,0.112013734228201
0.2925311203319502,1.0,0.1120675497566345
0.29283489096573206,1.0,0.11209363995601473
0.29313929313929316,1.0,0.11250161686257044
0.2934443288241415,1.0,0.11258628292314062
0.29375,1.0,0.11346921118234614
0.2940563086548488,1.0,0.11428782933907473
0.29436325678496866,1.0,0.11561977782019377
0.2946708463949843,1.0,0.11599983841095568
0.29497907949790797,1.0,0.11831020497275613
0.29528795811518327,1.0,0.11960889558701525
0.29559748427672955,1.0,0.12094866342459183
0.29590766002098634,1.0,0.1220281528750207
0.296218487394958,1.0,0.12224619117219705
0.29652996845425866,1.0,0.12360184876864838
0.2968421052631579,1.0,0.1245318600702923
0.2971548998946259,1.0,0.12583444764105728
0.2974683544303797,1.0,0.12602513234890556
0.29778247096092925,1.0,0.1262980784991795
0.29809725158562367,1.0,0.12656643138833526
0.2984126984126984,1.0,0.12783223496093113
0.298728813559322,1.0,0.13133283206758367
0.2990455991516437,1.0,0.13152624966516685
0.29936305732484075,1.0,0.1328843574044024
0.29968119022316686,1.0,0.1352306440585634
0.3,1.0,0.1355831994294227
0.3003194888178914,1.0,0.13616169679227444
0.3006396588486141,1.0,0.13619660920652193
0.30096051227321235,1.0,0.1363629667729385
0.30128205128205127,1.0,0.1370459190516099
0.3016042780748663,1.0,0.1371160152566103
0.30085653104925053,0.9964539007092199,0.1382581950379351
0.3011789924973205,0.9964539007092199,0.13973125374579437
0.30150214592274677,0.9964539007092199,0.13993087365199386
0.30182599355531686,0.9964539007092199,0.14002449286279986
0.3021505376344086,0.9964539007092199,0.14094848409755667
0.302475780409042,0.9964539007092199,0.14251018888072015
0.30280172413793105,0.9964539007092199,0.14481165708013496
0.30312837108953616,0.9964539007092199,0.14677484913747135
0.30345572354211664,0.9964539007092199,0.14711684893070814
0.3037837837837838,0.9964539007092199,0.14729932035198362
0.30303030303030304,0.9929078014184397,0.1478605883164405
0.30335861321776814,0.9929078014184397,0.14806246742405482
0.3036876355748373,0.9929078014184397,0.1490392398944609
0.30293159609120524,0.9893617021276596,0.1491107524386475
0.3032608695652174,0.9893617021276596,0.15306603715456082
0.30359085963003263,0.9893617021276596,0.15342151887159497
0.30392156862745096,0.9893617021276596,0.1553259148601862
0.3042529989094875,0.9893617021276596,0.15554995296277307
0.3034934497816594,0.9858156028368794,0.1555645648019467
0.3038251366120219,0.9858156028368794,0.15633127734225458
0.3041575492341357,0.9858156028368794,0.15704200758083897
0.3044906900328587,0.9858156028368794,0.15846945876490268
0.3048245614035088,0.9858156028368794,0.16008847917874178
0.305159165751921,0.9858156028368794,0.16052514120520683
0.3054945054945055,0.9858156028368794,0.16086153396878775
0.30583058305830585,0.9858156028368794,0.16144197915846895
0.30616740088105726,0.9858156028368794,0.16173237110327687
0.3065049614112459,0.9858156028368794,0.16173482399847655
0.3068432671081678,0.9858156028368794,0.16333929028114594
0.30718232044198895,0.9858156028368794,0.16420385488272995
0.3075221238938053,0.9858156028368794,0.1675607234438602
0.3078626799557032,0.9858156028368794,0.16796344136637162
0.3082039911308204,0.9858156028368794,0.16858363048680738
0.30854605993340734,0.9858156028368794,0.1712973375192419
0.3088888888888889,0.9858156028368794,0.17164653582018188
0.3092324805339266,0.9858156028368794,0.17206671607907206
0.30957683741648107,0.9858156028368794,0.17237250047621497
0.30992196209587514,0.9858156028368794,0.1728920029579475
0.31026785714285715,0.9858156028368794,0.17315686036875788
0.3106145251396648,0.9858156028368794,0.17510157183442715
0.31096196868008946,0.9858156028368794,0.17567669013926507
0.3101903695408735,0.9822695035460993,0.17578973859765942
0.31053811659192826,0.9822695035460993,0.17669128229401518
0.3108866442199775,0.9822695035460993,0.17706960531021645
0.3112359550561798,0.9822695035460993,0.1779775009671356
0.31046119235095615,0.9787234042553191,0.1799148110823436
0.3108108108108108,0.9787234042553191,0.18040601438326953
0.3111612175873732,0.9787234042553191,0.18084513327553603
0.3115124153498871,0.9787234042553191,0.1813670745817046
0.31186440677966104,0.9787234042553191,0.1823004993815075
0.31221719457013575,0.9787234042553191,0.18246268428848575
0.31257078142695355,0.9787234042553191,0.18310879381973733
0.3129251700680272,0.9787234042553191,0.18338554392093734
0.3132803632236095,0.9787234042553191,0.18592695772094023
0.31363636363636366,0.9787234042553191,0.1862855492609416
0.31399317406143346,0.9787234042553191,0.18640395450087224
0.3143507972665148,0.9787234042553191,0.18676571224942376
0.314709236031927,0.9787234042553191,0.18797597526678006
0.3139269406392694,0.975177304964539,0.18811878710178268
0.3142857142857143,0.975177304964539,0.18816036565929892
0.3146453089244851,0.975177304964539,0.18867021717950647
0.3150057273768614,0.975177304964539,0.1888740925011327
0.31536697247706424,0.975177304964539,0.18964398814095323
0.3157290470723307,0.975177304964539,0.19031445051646745
0.3160919540229885,0.975177304964539,0.190868610490967
0.31645569620253167,0.975177304964539,0.1909331384411312
0.31682027649769584,0.975177304964539,0.1912110505030585
0.31718569780853517,0.975177304964539,0.19124021333351607
0.31755196304849886,0.975177304964539,0.19164824433273106
0.3179190751445087,0.975177304964539,0.19207239788610664
0.31828703703703703,0.975177304964539,0.19329817791740292
0.3186558516801854,0.975177304964539,0.19352774045823476
0.3190255220417633,0.975177304964539,0.19434686129271483
0.31939605110336816,0.975177304964539,0.1948911724068116
0.31976744186046513,0.975177304964539,0.1949746351835435
0.320139697322468,0.975177304964539,0.19748162951699277
0.32051282051282054,0.975177304964539,0.19822095963210906
0.3208868144690782,0.975177304964539,0.19878586255857256
0.3212616822429907,0.975177304964539,0.19881398929202537
0.3216374269005848,0.975177304964539,0.19881947810782882
0.32201405152224827,0.975177304964539,0.20029959390063584
0.3223915592028136,0.975177304964539,0.20419598753692325
0.3227699530516432,0.975177304964539,0.20616683071089514
0.32314923619271446,0.975177304964539,0.20697218994806166
0.3235294117647059,0.975177304964539,0.2069778265476269
0.32391048292108365,0.975177304964539,0.20769612283977223
0.3242924528301887,0.975177304964539,0.2080193861034822
0.3246753246753247,0.975177304964539,0.2111209409256486
0.32505910165484636,0.975177304964539,0.21132498619258705
0.3254437869822485,0.975177304964539,0.21177847296737845
0.32582938388625593,0.975177304964539,0.21373832766962086
0.3262158956109134,0.975177304964539,0.21374532612695984
0.32660332541567694,0.975177304964539,0.21420847162990037
0.3269916765755054,0.975177304964539,0.21693950877056545
0.3273809523809524,0.975177304964539,0.21725705381334412
0.32777115613825986,0.975177304964539,0.2175237851513796
0.32816229116945106,0.975177304964539,0.21858055686849145
0.32855436081242534,0.975177304964539,0.21980530221126532
0.32894736842105265,0.975177304964539,0.22117025946713748
0.32934131736526945,0.975177304964539,0.22149039817444602
0.32973621103117506,0.975177304964539,0.2222811544327709
0.33013205282112845,0.975177304964539,0.22283447062987505
0.33052884615384615,0.975177304964539,0.22473261880304068
0.3309265944645006,0.975177304964539,0.22490501755757786
0.3313253012048193,0.975177304964539,0.2254992013901176
0.330518697225573,0.9716312056737588,0.22682108052134417
0.3309178743961353,0.9716312056737588,0.2278097685440486
0.3313180169286578,0.9716312056737588,0.22891524796120247
0.33171912832929784,0.9716312056737588,0.2294438438789179
0.3321212121212121,0.9716312056737588,0.22983873342471423
0.3325242718446602,0.9716312056737588,0.22992694533390573
0.33292831105710813,0.9716312056737588,0.2302487633893913
0.3333333333333333,0.9716312056737588,0.23052408150998177
0.3337393422655298,0.9716312056737588,0.23169191173015216
0.33414634146341465,0.9716312056737588,0.23187866871229576
0.33455433455433453,0.9716312056737588,0.23250494833868335
0.33496332518337407,0.9716312056737588,0.2326149381095718
0.3353733170134639,0.9716312056737588,0.23363702075316606
0.33578431372549017,0.9716312056737588,0.2345313374804927
0.3361963190184049,0.9716312056737588,0.23535858631161122
0.3366093366093366,0.9716312056737588,0.23561657369322575
0.3370233702337023,0.9716312056737588,0.2360295030713576
0.3374384236453202,0.9716312056737588,0.23648947821603242
0.33785450061652283,0.9716312056737588,0.23715471010317782
0.33827160493827163,0.9716312056737588,0.23989194424224392
0.33868974042027195,0.9716312056737588,0.24107090562486688
0.33910891089108913,0.9716312056737588,0.24110388499974128
0.3382899628252788,0.9680851063829787,0.24130033091928288
0.3387096774193548,0.9680851063829787,0.24171533572854997
0.3391304347826087,0.9680851063829787,0.24191916481859066
0.33955223880597013,0.9680851063829787,0.24237133701752267
0.33997509339975096,0.9680851063829787,0.2429918973046362
0.3403990024937656,0.9680851063829787,0.24308312538176496
0.3408239700374532,0.9680851063829787,0.24408394169669373
0.34125,0.9680851063829787,0.24418470020172336
0.34167709637046306,0.9680851063829787,0.2447154323437048
0.34210526315789475,0.9680851063829787,0.24603750755759599
0.342534504391468,0.9680851063829787,0.24663740808871384
0.34296482412060303,0.9680851063829787,0.24714826268764784
0.3433962264150943,0.9680851063829787,0.24945751121690382
0.3438287153652393,0.9680851063829787,0.24978989901103998
0.3442622950819672,0.9680851063829787,0.2506353798615921
0.3446969696969697,0.9680851063829787,0.25079634016595914
0.34513274336283184,0.9680851063829787,0.2509839425024461
0.34556962025316457,0.9680851063829787,0.25123930601294275
0.34600760456273766,0.9680851063829787,0.25231047615717145
0.34517766497461927,0.9645390070921985,0.25303934314639215
0.34561626429479037,0.9645390070921985,0.25341664026059035
0.3460559796437659,0.9645390070921985,0.2551155143518726
0.3464968152866242,0.9645390070921985,0.25618323975311225
0.3469387755102041,0.9645390070921985,0.2562921940046123
0.34610472541507026,0.9609929078014184,0.2565494548417
0.34654731457800514,0.9609929078014184,0.25656576999917424
0.34699103713188223,0.9609929078014184,0.2571682051983804
0.3474358974358974,0.9609929078014184,0.2577158137094306
0.3478818998716303,0.9609929078014184,0.2583732154519649
0.34832904884318766,0.9609929078014184,0.2586714333196375
0.3487773487773488,0.9609929078014184,0.25892252640218594
0.3492268041237113,0.9609929078014184,0.2600827643678209
0.3496774193548387,0.9609929078014184,0.26035301152581347
0.35012919896640826,0.9609929078014184,0.2604087151299533
0.35058214747736094,0.9609929078014184,0.2617557395906919
0.35103626943005184,0.9609929078014184,0.2617627477195464
0.35149156939040205,0.9609929078014184,0.26302012465047375
0.35194805194805195,0.9609929078014184,0.26374190275732995
0.35240572171651496,0.9609929078014184,0.2664999044844514
0.3515625,0.9574468085106383,0.26683843892894243
0.3520208604954368,0.9574468085106383,0.2668416019758733
0.3524804177545692,0.9574468085106383,0.2686671155472767
0.35294117647058826,0.9574468085106383,0.2692255894891774
0.35340314136125656,0.9574468085106383,0.2714692773794013
0.35386631716906947,0.9574468085106383,0.27343748709870447
0.3543307086614173,0.9574468085106383,0.2757634906331237
0.354796320630749,0.9574468085106383,0.27869816768139655
0.35526315789473684,0.9574468085106383,0.28199045428055725
0.3557312252964427,0.9574468085106383,0.2832232942361575
0.3562005277044855,0.9574468085106383,0.2844683289241438
0.35667107001321,0.9574468085106383,0.28479071304502873
0.35714285714285715,0.9574468085106383,0.28507594064595115
0.3576158940397351,0.9574468085106383,0.2860317192203667
0.356763925729443,0.9539007092198581,0.2870713773274439
0.35723771580345287,0.9539007092198581,0.28749026518797577
0.35771276595744683,0.9539007092198581,0.28761185487153473
0.3581890812250333,0.9539007092198581,0.2884050062268248
0.3586666666666667,0.9539007092198581,0.2886183180372966
0.3591455273698264,0.9539007092198581,0.2888959902588528
0.3582887700534759,0.950354609929078,0.2891357776034658
0.35876840696117807,0.950354609929078,0.2893993629285739
0.35924932975871315,0.950354609929078,0.2898707773866405
0.3597315436241611,0.950354609929078,0.2899548340026026
0.3588709677419355,0.9468085106382979,0.29009698686200575
0.35935397039030953,0.9468085106382979,0.2914139246412204
0.35983827493261455,0.9468085106382979,0.292275093835123
0.3603238866396761,0.9468085106382979,0.2923683335924734
0.3608108108108108,0.9468085106382979,0.29252835551713813
0.36129905277401897,0.9468085106382979,0.2932440237974002
0.3604336043360434,0.9432624113475178,0.2939117808807924
0.36092265943012214,0.9432624113475178,0.2941633351545012
0.36141304347826086,0.9432624113475178,0.29553439565538464
0.3619047619047619,0.9432624113475178,0.2959018053823526
0.36239782016348776,0.9432624113475178,0.2959981499614119
0.36289222373806274,0.9432624113475178,0.29650835316442437
0.3633879781420765,0.9432624113475178,0.2966393169823976
0.36388508891928867,0.9432624113475178,0.2980550637580179
0.3643835616438356,0.9432624113475178,0.2985177099673985
0.36488340192043894,0.9432624113475178,0.29855465750239607
0.36538461538461536,0.9432624113475178,0.2986710346199267
0.3658872077028886,0.9432624113475178,0.2993126190548387
0.36639118457300274,0.9432624113475178,0.29991141208758465
0.36551724137931035,0.9397163120567376,0.30049500504436477
0.3660220994475138,0.9397163120567376,0.3008163310551679
0.3665283540802213,0.9397163120567376,0.30094639264899203
0.3670360110803324,0.9397163120567376,0.3018903807330632
0.36754507628294036,0.9397163120567376,0.30297002244851035
0.3680555555555556,0.9397163120567376,0.30354341657452544
0.36856745479833103,0.9397163120567376,0.3037845158715065
0.36908077994428967,0.9397163120567376,0.3046883079709932
0.3695955369595537,0.9397163120567376,0.3054742950159455
0.37011173184357543,0.9397163120567376,0.3069478844436289
0.36923076923076925,0.9361702127659575,0.3073273677803587
0.3697478991596639,0.9361702127659575,0.3077275497352409
0.3702664796633941,0.9361702127659575,0.3082834125633446
0.3693820224719101,0.9326241134751773,0.30840707676647466
0.369901547116737,0.9326241134751773,0.30862292239303074
0.3704225352112676,0.9326241134751773,0.3100138537289986
0.3709449929478138,0.9326241134751773,0.3104831921924406
0.3714689265536723,0.9326241134751773,0.31055195628479376
0.371994342291372,0.9326241134751773,0.3108123923632563
0.37252124645892354,0.9326241134751773,0.311421861511939
0.3730496453900709,0.9326241134751773,0.311452164987266
0.37357954545454547,0.9326241134751773,0.3119476468776221
0.3741109530583215,0.9326241134751773,0.3119789331193962
0.37464387464387466,0.9326241134751773,0.31226900366793225
0.3751783166904422,0.9326241134751773,0.31258786771524283
0.3757142857142857,0.9326241134751773,0.3134650861835932
0.37625178826895567,0.9326241134751773,0.3172468089704881
0.37679083094555876,0.9326241134751773,0.3179507299016254
0.37733142037302725,0.9326241134751773,0.31900917706374454
0.37787356321839083,0.9326241134751773,0.3198854469027547
0.37841726618705035,0.9326241134751773,0.32146777326035936
0.37896253602305474,0.9326241134751773,0.32329291315085334
0.37806637806637805,0.9290780141843972,0.3237345918999166
0.3786127167630058,0.9290780141843972,0.3237462154981627
0.3791606367583213,0.9290780141843972,0.32426382863035536
0.37971014492753624,0.9290780141843972,0.32463276886379505
0.3788098693759071,0.925531914893617,0.3258964447901888
0.3793604651162791,0.925531914893617,0.3259840852478111
0.3799126637554585,0.925531914893617,0.326093284704727
0.380466472303207,0.925531914893617,0.3270064203530874
0.381021897810219,0.925531914893617,0.3279689865928878
0.3815789473684211,0.925531914893617,0.3296102570950136
0.3821376281112738,0.925531914893617,0.32981064609247573
0.38269794721407624,0.925531914893617,0.33090863117743463
0.3832599118942731,0.925531914893617,0.33102645502189854
0.38382352941176473,0.925531914893617,0.33172378093842075
0.38438880706921946,0.925531914893617,0.3322995444067038
0.38495575221238937,0.925531914893617,0.33285717317782976
0.38404726735598227,0.9219858156028369,0.33292594966416467
0.38461538461538464,0.9219858156028369,0.3331869245184296
0.3851851851851852,0.9219858156028369,0.3332077092363646
0.3857566765578635,0.9219858156028369,0.33496925705212455
0.3863298662704309,0.9219858156028369,0.3350910448238329
0.3869047619047619,0.9219858156028369,0.3355464690254785
0.3859910581222057,0.9184397163120568,0.33696172920595274
0.38656716417910447,0.9184397163120568,0.33893998929010316
0.38714499252615847,0.9184397163120568,0.33992492464441987
0.38622754491017963,0.9148936170212766,0.34018911050368916
0.3868065967016492,0.9148936170212766,0.34034647396188045
0.3858858858858859,0.9113475177304965,0.34118768437908287
0.3849624060150376,0.9078014184397163,0.3414964712987185
0.3855421686746988,0.9078014184397163,0.3421980300041654
0.3861236802413273,0.9078014184397163,0.3426653389692633
0.3851963746223565,0.9042553191489362,0.3434032519239098
0.3857791225416036,0.9042553191489362,0.3446973499496029
0.38636363636363635,0.9042553191489362,0.34574541429800304
0.38694992412746587,0.9042553191489362,0.3463814208045843
0.38753799392097266,0.9042553191489362,0.34647211921939014
0.3881278538812785,0.9042553191489362,0.34673714618336365
0.38871951219512196,0.9042553191489362,0.34683503558746337
0.38778625954198476,0.900709219858156,0.34718239718586863
0.38837920489296635,0.900709219858156,0.34773487771270056
0.3889739663093415,0.900709219858156,0.34806459820121133
0.3895705521472393,0.900709219858156,0.34828155189309845
0.38863287250384027,0.8971631205673759,0.3489439841467945
0.3892307692307692,0.8971631205673759,0.3492619020613241
0.3898305084745763,0.8971631205673759,0.34969429669235513
0.3888888888888889,0.8936170212765957,0.35058911394114584
0.3894899536321484,0.8936170212765957,0.3523039164470934
0.38854489164086686,0.8900709219858156,0.3529414924717808
0.3891472868217054,0.8900709219858156,0.353007596553228
0.38975155279503104,0.8900709219858156,0.3532681435365819
0.38880248833592534,0.8865248226950354,0.35332536633884815
0.3878504672897196,0.8829787234042553,0.3552294541154749
0.38845553822152884,0.8829787234042553,0.3559938758338593
0.3890625,0.8829787234042553,0.3589028421665641
0.38967136150234744,0.8829787234042553,0.35940262426461117
0.3887147335423197,0.8794326241134752,0.36092920706600223
0.3877551020408163,0.875886524822695,0.3611866040982951
0.38836477987421386,0.875886524822695,0.3615404689565085
0.3889763779527559,0.875886524822695,0.36345319051855823
0.38958990536277605,0.875886524822695,0.363635965038802
0.3902053712480253,0.875886524822695,0.36537590044723633
0.38924050632911394,0.8723404255319149,0.36599612429525763
0.3898573692551506,0.8723404255319149,0.36631117558831683
0.3904761904761905,0.8723404255319149,0.3673260879368023
0.39109697933227344,0.8723404255319149,0.36759676408115743
0.39171974522292996,0.8723404255319149,0.36966321584843803
0.3923444976076555,0.8723404255319149,0.37056017549444026
0.3929712460063898,0.8723404255319149,0.37066097391041497
0.3936,0.8723404255319149,0.3712130976206239
0.3942307692307692,0.8723404255319149,0.3712750022014765
0.39486356340288925,0.8723404255319149,0.37136944009881256
0.3954983922829582,0.8723404255319149,0.37205990597703487
0.394524959742351,0.8687943262411347,0.3721891223135729
0.3951612903225806,0.8687943262411347,0.3727927812556286
0.39579967689822293,0.8687943262411347,0.3730136662993794
0.3948220064724919,0.8652482269503546,0.3734213665258113
0.39546191247974066,0.8652482269503546,0.37354166522677945
0.3961038961038961,0.8652482269503546,0.3745075537771188
0.3967479674796748,0.8652482269503546,0.3757006810147147
0.3973941368078176,0.8652482269503546,0.3759468790423026
0.39804241435562804,0.8652482269503546,0.3759827974629831
0.39869281045751637,0.8652482269503546,0.37737534209929524
0.3993453355155483,0.8652482269503546,0.37772117729456894
0.4,0.8652482269503546,0.3792211981547557
0.39901477832512317,0.8617021276595744,0.3792805650007452
0.3996710526315789,0.8617021276595744,0.37949908694701995
0.400329489291598,0.8617021276595744,0.37962330172843606
0.400990099009901,0.8617021276595744,0.38005855392489085
0.40165289256198344,0.8617021276595744,0.3813443910994584
0.402317880794702,0.8617021276595744,0.38226342275232345
0.40298507462686567,0.8617021276595744,0.3826404538690233
0.40365448504983387,0.8617021276595744,0.38484704028143574
0.40266222961730447,0.8581560283687943,0.38568764321082827
0.4033333333333333,0.8581560283687943,0.386068142821242
0.4040066777963272,0.8581560283687943,0.3863596460116844
0.40468227424749165,0.8581560283687943,0.3872185088431547
0.4036850921273032,0.8546099290780141,0.38764809042086307
0.40436241610738255,0.8546099290780141,0.38840019996676334
0.4050420168067227,0.8546099290780141,0.3892628075626139
0.4057239057239057,0.8546099290780141,0.38972262111155703
0.40472175379426645,0.851063829787234,0.3897902775692354
0.40540540540540543,0.851063829787234,0.39034240726933744
0.40609137055837563,0.851063829787234,0.39047592531831127
0.4067796610169492,0.851063829787234,0.3905500094473776
0.4057724957555178,0.8475177304964538,0.391344521844304
0.4064625850340136,0.8475177304964538,0.39171597077593645
0.4071550255536627,0.8475177304964538,0.39234038205262634
0.40784982935153585,0.8475177304964538,0.3924236929656496
0.40854700854700854,0.8475177304964538,0.39280717877949367
0.4075342465753425,0.8439716312056738,0.39498187611211255
0.4065180102915952,0.8404255319148937,0.39499989178504624
0.4072164948453608,0.8404255319148937,0.39579682206586875
0.4079173838209983,0.8404255319148937,0.39586914517650124
0.4086206896551724,0.8404255319148937,0.3960402548029414
0.40932642487046633,0.8404255319148937,0.39650696023971455
0.4083044982698962,0.8368794326241135,0.3974910970103972
0.4090121317157712,0.8368794326241135,0.39784992503120475
0.4079861111111111,0.8333333333333334,0.39831076216048966
0.40695652173913044,0.8297872340425532,0.40058645862762954
0.4059233449477352,0.8262411347517731,0.40136959086068325
0.40663176265270506,0.8262411347517731,0.4020867617026665
0.40559440559440557,0.8226950354609929,0.4022048169130782
0.4063047285464098,0.8226950354609929,0.40284181320028556
0.4070175438596491,0.8226950354609929,0.40335915427776475
0.4077328646748682,0.8226950354609929,0.40392088451420727
0.40669014084507044,0.8191489361702128,0.4051926339807172
0.4074074074074074,0.8191489361702128,0.40532150576036535
0.4081272084805654,0.8191489361702128,0.40541009811692424
0.4088495575221239,0.8191489361702128,0.4061950458202074
0.4078014184397163,0.8156028368794326,0.40682250925247504
0.40852575488454707,0.8156028368794326,0.40765838544689403
0.40747330960854095,0.8120567375886525,0.40811442630053174
0.40819964349376114,0.8120567375886525,0.4084424002212005
0.4089285714285714,0.8120567375886525,0.4091849775726087
0.40966010733452596,0.8120567375886525,0.4094633303581121
0.4103942652329749,0.8120567375886525,0.410321457889218
0.4111310592459605,0.8120567375886525,0.4103878538769718
0.4118705035971223,0.8120567375886525,0.4117905477689187
0.41081081081081083,0.8085106382978723,0.41366008532254883
0.41155234657039713,0.8085106382978723,0.4140034080247596
0.41229656419529837,0.8085106382978723,0.415091899318358
0.41304347826086957,0.8085106382978723,0.4151565722828403
0.41379310344827586,0.8085106382978723,0.4156921919460159
0.41454545454545455,0.8085106382978723,0.4157687687262945
0.41530054644808745,0.8085106382978723,0.41682240452002634
0.41605839416058393,0.8085106382978723,0.41752154417015136
0.41681901279707495,0.8085106382978723,0.41997091092758754
0.4175824175824176,0.8085106382978723,0.42032749302358985
0.41834862385321103,0.8085106382978723,0.42049233717524354
0.41911764705882354,0.8085106382978723,0.4206499961425882
0.4198895027624309,0.8085106382978723,0.4208584833340876
0.42066420664206644,0.8085106382978723,0.42130998560365795
0.4214417744916821,0.8085106382978723,0.42275293341171344
0.4222222222222222,0.8085106382978723,0.4230052040374734
0.4230055658627087,0.8085106382978723,0.42354449646606973
0.42193308550185876,0.8049645390070922,0.4250285612022634
0.4227188081936685,0.8049645390070922,0.42513246880262484
0.42350746268656714,0.8049645390070922,0.42665842783389757
0.42429906542056073,0.8049645390070922,0.4275575380158415
0.4250936329588015,0.8049645390070922,0.4281822736949738
0.425891181988743,0.8049645390070922,0.42831187645774904
0.4266917293233083,0.8049645390070922,0.42849367608078265
0.4274952919020716,0.8049645390070922,0.42924481529097824
0.42641509433962266,0.8014184397163121,0.4298031595865434
0.42722117202268434,0.8014184397163121,0.42996278920460834
0.42803030303030304,0.8014184397163121,0.43004481519226856
0.428842504743833,0.8014184397163121,0.4324114566053941
0.42775665399239543,0.7978723404255319,0.43274439452340036
0.4266666666666667,0.7943262411347518,0.4334755543548739
0.42748091603053434,0.7943262411347518,0.43384742814735805
0.42829827915869984,0.7943262411347518,0.43405387365474485
0.42911877394636017,0.7943262411347518,0.4340738297949354
0.42994241842610365,0.7943262411347518,0.4341981489935703
0.4307692307692308,0.7943262411347518,0.43428730419825173
0.4296724470134875,0.7907801418439716,0.43510870027424514
0.42857142857142855,0.7872340425531915,0.4351217772306806
0.42940038684719534,0.7872340425531915,0.43729274240059135
0.43023255813953487,0.7872340425531915,0.437912857110475
0.43106796116504853,0.7872340425531915,0.43828582117133813
0.43190661478599224,0.7872340425531915,0.4387290300305265
0.4327485380116959,0.7872340425531915,0.4388263314968109
0.431640625,0.7836879432624113,0.43937542603687707
0.4324853228962818,0.7836879432624113,0.4398710829595044
0.43137254901960786,0.7801418439716312,0.4411003429312743
0.43222003929273084,0.7801418439716312,0.44152709709826266
0.4330708661417323,0.7801418439716312,0.4428015675746912
0.4319526627218935,0.776595744680851,0.4431541286568264
0.43280632411067194,0.776595744680851,0.44439042599998385
0.43366336633663366,0.776595744680851,0.44458799576384933
0.43452380952380953,0.776595744680851,0.44567705136100094
0.43339960238568587,0.7730496453900709,0.4458079834642027
0.4342629482071713,0.7730496453900709,0.4463308439335499
0.4351297405189621,0.7730496453900709,0.44644363311844465
0.436,0.7730496453900709,0.44876933102286803
0.43687374749499,0.7730496453900709,0.448931824749752
0.43775100401606426,0.7730496453900709,0.44934537864762375
0.43661971830985913,0.7695035460992907,0.4497667876417656
0.4375,0.7695035460992907,0.45053329573867784
0.4383838383838384,0.7695035460992907,0.45241952984799205
0.4392712550607287,0.7695035460992907,0.4533385821549783
0.44016227180527384,0.7695035460992907,0.4535141072732303
0.4410569105691057,0.7695035460992907,0.45370376475793867
0.4419551934826884,0.7695035460992907,0.4543884425874949
0.44081632653061226,0.7659574468085106,0.4554518003238376
0.44171779141104295,0.7659574468085106,0.45591956093637925
0.4426229508196721,0.7659574468085106,0.45636413892190586
0.44353182751540043,0.7659574468085106,0.4569980738317814
0.4444444444444444,0.7659574468085106,0.45724895574932006
0.44536082474226807,0.7659574468085106,0.4579288168344657
0.4462809917355372,0.7659574468085106,0.45873365710110453
0.4472049689440994,0.7659574468085106,0.45954178649439426
0.44813278008298757,0.7659574468085106,0.4597394015835919
0.4490644490644491,0.7659574468085106,0.4601449482247661
0.45,0.7659574468085106,0.4621844218657525
0.4488517745302714,0.7624113475177305,0.4624129741278554
0.4476987447698745,0.7588652482269503,0.4628118668334869
0.44863731656184486,0.7588652482269503,0.4636055689875703
0.4495798319327731,0.7588652482269503,0.4656425989138592
0.45052631578947366,0.7588652482269503,0.4662116824161247
0.44936708860759494,0.7553191489361702,0.46798889622948037
0.4503171247357294,0.7553191489361702,0.46923316366466244
0.451271186440678,0.7553191489361702,0.46959331763864837
0.45222929936305734,0.7553191489361702,0.4706622524110776
0.451063829787234,0.75177304964539,0.4712682246625917
0.4520255863539446,0.75177304964539,0.472516772925263
0.452991452991453,0.75177304964539,0.47312773483316
0.4539614561027837,0.75177304964539,0.47386247717063107
0.45493562231759654,0.75177304964539,0.4741863498316153
0.4559139784946237,0.75177304964539,0.4758744606392608
0.45689655172413796,0.75177304964539,0.475898066442375
0.45788336933045354,0.75177304964539,0.4770248251074294
0.4588744588744589,0.75177304964539,0.4770474371056592
0.4598698481561822,0.75177304964539,0.47713739193162075
0.45869565217391306,0.74822695035461,0.47718980136567396
0.4596949891067538,0.74822695035461,0.4773918543494664
0.4585152838427948,0.7446808510638298,0.47779681549581754
0.45951859956236324,0.7446808510638298,0.4804076940057632
0.4583333333333333,0.7411347517730497,0.48046285709503983
0.4593406593406593,0.7411347517730497,0.4816893819410755
0.4581497797356828,0.7375886524822695,0.48210441025951173
0.45916114790286977,0.7375886524822695,0.48380983600668603
0.46017699115044247,0.7375886524822695,0.48415872515530745
0.4611973392461197,0.7375886524822695,0.4851136942823606
0.4622222222222222,0.7375886524822695,0.48576943892866414
0.46325167037861914,0.7375886524822695,0.48887960596333374
0.4642857142857143,0.7375886524822695,0.4894430833196038
0.465324384787472,0.7375886524822695,0.4896935660527986
0.4663677130044843,0.7375886524822695,0.4902057370347842
0.46741573033707867,0.7375886524822695,0.49023426497950273
0.46846846846846846,0.7375886524822695,0.4906910877094447
0.46952595936794583,0.7375886524822695,0.49241592531144124
0.4683257918552036,0.7340425531914894,0.4927678152060086
0.46938775510204084,0.7340425531914894,0.4934077746601023
0.47045454545454546,0.7340425531914894,0.4943096467515345
0.4715261958997722,0.7340425531914894,0.495754803739571
0.4726027397260274,0.7340425531914894,0.49806286710776826
0.47368421052631576,0.7340425531914894,0.4982745276576032
0.47477064220183485,0.7340425531914894,0.4987471860715743
0.47586206896551725,0.7340425531914894,0.4987564456493606
0.47465437788018433,0.7304964539007093,0.4989641132525412
0.47575057736720555,0.7304964539007093,0.49943409736011957
0.47453703703703703,0.7269503546099291,0.49989430674939117
0.4733178654292343,0.723404255319149,0.5000898647907805
0.4720930232558139,0.7198581560283688,0.5022485689501432
0.4731934731934732,0.7198581560283688,0.5028018182337053
0.4719626168224299,0.7163120567375887,0.5036269494311776
0.47306791569086654,0.7163120567375887,0.5043749650366155
0.47417840375586856,0.7163120567375887,0.5044692858100498
0.47294117647058825,0.7127659574468085,0.5048230297182248
0.4740566037735849,0.7127659574468085,0.5054519261682542
0.4728132387706856,0.7092198581560284,0.5056269927526807
0.47393364928909953,0.7092198581560284,0.507444320203345
0.4750593824228028,0.7092198581560284,0.5076605319954953
0.47619047619047616,0.7092198581560284,0.5080085985038238
0.477326968973747,0.7092198581560284,0.5081861191872239
0.4784688995215311,0.7092198581560284,0.5082828975947934
0.47961630695443647,0.7092198581560284,0.5091466479694811
0.47836538461538464,0.7056737588652482,0.5094803499726812
0.4795180722891566,0.7056737588652482,0.5098947869669614
0.4806763285024155,0.7056737588652482,0.5099633797735774
0.4794188861985472,0.7021276595744681,0.5100210060954816
0.47815533980582525,0.6985815602836879,0.5105373798588841
0.4768856447688564,0.6950354609929078,0.5116510927624495
0.47560975609756095,0.6914893617021277,0.5120740329988065
0.4767726161369193,0.6914893617021277,0.5134513978622232
0.47794117647058826,0.6914893617021277,0.5139135697083138
0.47911547911547914,0.6914893617021277,0.514029910355642
0.47783251231527096,0.6879432624113475,0.5143386114625047
0.47901234567901235,0.6879432624113475,0.5152498016782998
0.4801980198019802,0.6879432624113475,0.5181805998059559
0.4813895781637717,0.6879432624113475,0.5182643460129532
0.48258706467661694,0.6879432624113475,0.5184743742134195
0.48129675810473815,0.6843971631205674,0.5187936902617412
0.4825,0.6843971631205674,0.5192965060460165
0.48370927318295737,0.6843971631205674,0.5198755125903554
0.4824120603015075,0.6808510638297872,0.519979704028352
0.4836272040302267,0.6808510638297872,0.5202289387258496
0.48484848484848486,0.6808510638297872,0.5202870191982825
0.4860759493670886,0.6808510638297872,0.5205799372103681
0.4847715736040609,0.6773049645390071,0.521816803892066
0.48346055979643765,0.6737588652482269,0.5222114407152375
0.4846938775510204,0.6737588652482269,0.5226729962678898
0.4833759590792839,0.6702127659574468,0.5228792627346229
0.4846153846153846,0.6702127659574468,0.5244482714673313
0.48586118251928023,0.6702127659574468,0.5257359203234869
0.48711340206185566,0.6702127659574468,0.5259902758279286
0.4883720930232558,0.6702127659574468,0.5266788400796255
0.4896373056994819,0.6702127659574468,0.5268118438843417
0.4883116883116883,0.6666666666666666,0.528630497639513
0.4869791666666667,0.6631205673758865,0.5291077848633591
0.48825065274151436,0.6631205673758865,0.529683450692534
0.4895287958115183,0.6631205673758865,0.5316540439029205
0.4881889763779528,0.6595744680851063,0.5316787268078846
0.48947368421052634,0.6595744680851063,0.5319748451818178
0.49076517150395776,0.6595744680851063,0.5336406249286881
0.49206349206349204,0.6595744680851063,0.5349975559667026
0.493368700265252,0.6595744680851063,0.5363119403395813
0.4946808510638298,0.6595744680851063,0.5379495894988875
0.496,0.6595744680851063,0.5386227345378569
0.4946524064171123,0.6560283687943262,0.538657372755343
0.4932975871313673,0.6524822695035462,0.5387014904212934
0.49193548387096775,0.648936170212766,0.5402663213444857
0.49326145552560646,0.648936170212766,0.5402940538365066
0.4945945945945946,0.648936170212766,0.5421088321428377
0.4959349593495935,0.648936170212766,0.5428728010017521
0.49728260869565216,0.648936170212766,0.5438785783210829
0.4986376021798365,0.648936170212766,0.5448509607195553
0.5,0.648936170212766,0.5449423993961879
0.5013698630136987,0.648936170212766,0.5450073343045875
0.5027472527472527,0.648936170212766,0.5453008818455781
0.5041322314049587,0.648936170212766,0.5466849221808371
0.505524861878453,0.648936170212766,0.5472029070315724
0.5069252077562327,0.648936170212766,0.5495032566399534
0.5083333333333333,0.648936170212766,0.5504544429007255
0.5097493036211699,0.648936170212766,0.5528724642646891
0.5083798882681564,0.6453900709219859,0.5530691960893814
0.5098039215686274,0.6453900709219859,0.5544227667385434
0.5112359550561798,0.6453900709219859,0.5546680331364365
0.5126760563380282,0.6453900709219859,0.5548024861707157
0.5112994350282486,0.6418439716312057,0.5549533932207993
0.5127478753541076,0.6418439716312057,0.555087359580142
0.5142045454545454,0.6418439716312057,0.5551335489289873
0.5128205128205128,0.6382978723404256,0.5552350212534749
0.5142857142857142,0.6382978723404256,0.5564731618749824
0.5157593123209169,0.6382978723404256,0.557429428349277
0.5172413793103449,0.6382978723404256,0.5578773788599181
0.5187319884726225,0.6382978723404256,0.5582756583858548
0.5173410404624278,0.6347517730496454,0.5589403897896202
0.518840579710145,0.6347517730496454,0.5597182311193664
0.5203488372093024,0.6347517730496454,0.5614074036541916
0.521865889212828,0.6347517730496454,0.5618927488908353
0.52046783625731,0.6312056737588653,0.5620761193480907
0.5219941348973607,0.6312056737588653,0.5621976910758032
0.5235294117647059,0.6312056737588653,0.5639165205961727
0.5250737463126843,0.6312056737588653,0.5654141973372484
0.5266272189349113,0.6312056737588653,0.5665196699411263
0.5252225519287834,0.6276595744680851,0.5675298062500406
0.5267857142857143,0.6276595744680851,0.5675937773692418
0.5283582089552239,0.6276595744680851,0.5691059955199509
0.5299401197604791,0.6276595744680851,0.5700324942473797
0.5315315315315315,0.6276595744680851,0.5704923861264257
0.5331325301204819,0.6276595744680851,0.5705809505880683
0.5347432024169184,0.6276595744680851,0.5714282279678892
0.5363636363636364,0.6276595744680851,0.5722000269754012
0.5379939209726444,0.6276595744680851,0.5722875004446316
0.5396341463414634,0.6276595744680851,0.573224727422259
0.5412844036697247,0.6276595744680851,0.5734634537497226
0.5398773006134969,0.624113475177305,0.5735203591937001
0.5384615384615384,0.6205673758865248,0.5739016166471125
0.5401234567901234,0.6205673758865248,0.5745558336993309
0.5386996904024768,0.6170212765957447,0.575506458714975
0.5403726708074534,0.6170212765957447,0.5759481592210007
0.5420560747663551,0.6170212765957447,0.5761766848554397
0.54375,0.6170212765957447,0.5768460061735164
0.5454545454545454,0.6170212765957447,0.5778431324787925
0.5471698113207547,0.6170212765957447,0.5778517043353427
0.5488958990536278,0.6170212765957447,0.5781971421364381
0.5506329113924051,0.6170212765957447,0.578229260330121
0.5523809523809524,0.6170212765957447,0.5785579726671889
0.5509554140127388,0.6134751773049646,0.5791526241444569
0.5527156549520766,0.6134751773049646,0.5796625684152925
0.5544871794871795,0.6134751773049646,0.5804557324923647
0.5530546623794212,0.6099290780141844,0.5806258354379187
0.5548387096774193,0.6099290780141844,0.582224631906094
0.5533980582524272,0.6063829787234043,0.582395454774069
0.5551948051948052,0.6063829787234043,0.5826083949750798
0.5570032573289903,0.6063829787234043,0.5827678571471441
0.5555555555555556,0.6028368794326241,0.5844107775488219
0.5573770491803278,0.6028368794326241,0.5868732089337805
0.5592105263157895,0.6028368794326241,0.586912363955952
0.5577557755775577,0.599290780141844,0.5883385461171724
0.5596026490066225,0.599290780141844,0.5896684382121307
0.5581395348837209,0.5957446808510638,0.5911851118004791
0.5566666666666666,0.5921985815602837,0.5916728595225903
0.5585284280936454,0.5921985815602837,0.5918909993532634
0.5570469798657718,0.5886524822695035,0.592632061908782
0.5589225589225589,0.5886524822695035,0.5931853560473752
0.5574324324324325,0.5851063829787234,0.59561564735778
0.5559322033898305,0.5815602836879432,0.5973777273154809
0.5578231292517006,0.5815602836879432,0.597516926402298
0.5597269624573379,0.5815602836879432,0.5977113473772414
0.5616438356164384,0.5815602836879432,0.6003877947354433
0.563573883161512,0.5815602836879432,0.6007585635786914
0.5655172413793104,0.5815602836879432,0.601043955683767
0.5640138408304498,0.5780141843971631,0.6012409276973023
0.5659722222222222,0.5780141843971631,0.6015704188221077
0.5679442508710801,0.5780141843971631,0.6020988772982964
0.5664335664335665,0.574468085106383,0.603483515809251
0.5684210526315789,0.574468085106383,0.6036015314474881
0.5704225352112676,0.574468085106383,0.6040477263469209
0.568904593639576,0.5709219858156028,0.6050067744759932
0.5673758865248227,0.5673758865248227,0.606772717555713
0.5693950177935944,0.5673758865248227,0.6074050969783511
0.5678571428571428,0.5638297872340425,0.6076333067208814
0.5663082437275986,0.5602836879432624,0.608168883571549
0.564748201438849,0.5567375886524822,0.6087861953512459
0.5667870036101083,0.5567375886524822,0.6089392633593955
0.5652173913043478,0.5531914893617021,0.6111583992525363
0.5636363636363636,0.549645390070922,0.6113562677468682
0.5656934306569343,0.549645390070922,0.6115580387368412
0.5641025641025641,0.5460992907801419,0.6119654527075834
0.5625,0.5425531914893617,0.6120042910047289
0.5608856088560885,0.5390070921985816,0.6156527666124126
0.5592592592592592,0.5354609929078015,0.6161816598727748
0.5613382899628253,0.5354609929078015,0.6169158003504346
0.5597014925373134,0.5319148936170213,0.6184923654080148
0.5580524344569289,0.5283687943262412,0.6188417636620939
0.5601503759398496,0.5283687943262412,0.619205476526435
0.5584905660377358,0.524822695035461,0.6192536470944342
0.5568181818181818,0.5212765957446809,0.6204463592387326
0.5551330798479087,0.5177304964539007,0.621169371117984
0.5572519083969466,0.5177304964539007,0.621356454818926
0.5593869731800766,0.5177304964539007,0.6228474269881374
0.5615384615384615,0.5177304964539007,0.6231265400228388
0.5637065637065637,0.5177304964539007,0.6253577190741589
0.5658914728682171,0.5177304964539007,0.6257232149720393
0.5642023346303502,0.5141843971631206,0.6257295288461993
0.56640625,0.5141843971631206,0.6264355040314739
0.5686274509803921,0.5141843971631206,0.6268564414353672
0.5708661417322834,0.5141843971631206,0.6273698809232131
0.5691699604743083,0.5106382978723404,0.6274775808978796
0.5674603174603174,0.5070921985815603,0.6277864672927055
0.5657370517928287,0.5035460992907801,0.6284979167441188
0.568,0.5035460992907801,0.6288197409228683
0.570281124497992,0.5035460992907801,0.6289938983619985
0.5685483870967742,0.5,0.63083425456945
0.5708502024291497,0.5,0.6310126658871643
0.5691056910569106,0.49645390070921985,0.6313064910525213
0.5673469387755102,0.4929078014184397,0.6319020897823477
0.5655737704918032,0.48936170212765956,0.632366622027464
0.5637860082304527,0.4858156028368794,0.6333401896031872
0.5661157024793388,0.4858156028368794,0.6333943583130857
0.5643153526970954,0.48226950354609927,0.6345752822547827
0.5625,0.4787234042553192,0.6354268376007991
0.5606694560669456,0.475177304964539,0.6354633062959331
0.5630252100840336,0.475177304964539,0.635706942105664
0.5654008438818565,0.475177304964539,0.6365226826773904
0.5677966101694916,0.475177304964539,0.6380820416517156
0.5659574468085107,0.4716312056737589,0.6381701582177679
0.5641025641025641,0.46808510638297873,0.6385133082719864
0.5622317596566524,0.4645390070921986,0.6389476425632121
0.5646551724137931,0.4645390070921986,0.6404291028093323
0.5670995670995671,0.4645390070921986,0.6408739012706818
0.5695652173913044,0.4645390070921986,0.6410413082679332
0.5676855895196506,0.46099290780141844,0.6418390056698056
0.5701754385964912,0.46099290780141844,0.6422983003094436
0.5726872246696035,0.46099290780141844,0.6425961131873436
0.5707964601769911,0.4574468085106383,0.6457300326763183
0.5688888888888889,0.45390070921985815,0.6464327442380342
0.5669642857142857,0.450354609929078,0.6470747986490055
0.5695067264573991,0.450354609929078,0.6472685943825163
0.5720720720720721,0.450354609929078,0.647787726709296
0.5746606334841629,0.450354609929078,0.6481931010441251
0.5727272727272728,0.44680851063829785,0.6482094433505613
0.5753424657534246,0.44680851063829785,0.6508501184819142
0.573394495412844,0.4432624113475177,0.6511011986669808
0.5714285714285714,0.4397163120567376,0.6532105056633271
0.5740740740740741,0.4397163120567376,0.6536241932931787
0.5767441860465117,0.4397163120567376,0.6548368949505795
0.5794392523364486,0.4397163120567376,0.6558860480548987
0.5821596244131455,0.4397163120567376,0.6562326541473389
0.5849056603773585,0.4397163120567376,0.657267244278531
0.5829383886255924,0.43617021276595747,0.6581033174207748
0.5857142857142857,0.43617021276595747,0.6586990836345313
0.5885167464114832,0.43617021276595747,0.659450562960405
0.5913461538461539,0.43617021276595747,0.6594771037371397
0.5893719806763285,0.4326241134751773,0.6598158148441851
0.587378640776699,0.42907801418439717,0.6601360317568722
0.5902439024390244,0.42907801418439717,0.6634499084727988
0.5931372549019608,0.42907801418439717,0.6666543230859402
0.5960591133004927,0.42907801418439717,0.6687641765947826
0.599009900990099,0.42907801418439717,0.6768983401984271
0.5970149253731343,0.425531914893617,0.6769202527200777
0.6,0.425531914893617,0.6771109456439052
0.6030150753768844,0.425531914893617,0.6772097022207133
0.6060606060606061,0.425531914893617,0.6787173176204676
0.6040609137055838,0.4219858156028369,0.6788141110753069
0.6071428571428571,0.4219858156028369,0.6807950613502053
0.6102564102564103,0.4219858156028369,0.6820864753002581
0.6082474226804123,0.41843971631205673,0.682385930791737
0.6113989637305699,0.41843971631205673,0.6830044758155445
0.6145833333333334,0.41843971631205673,0.683356364647932
0.612565445026178,0.4148936170212766,0.6844307630352173
0.6105263157894737,0.41134751773049644,0.684797078567514
0.6084656084656085,0.4078014184397163,0.6852504126522472
0.6117021276595744,0.4078014184397163,0.6854105085352751
0.6096256684491979,0.40425531914893614,0.6855496970961487
0.6075268817204301,0.40070921985815605,0.6858320327613131
0.6054054054054054,0.3971631205673759,0.6873006777541707
0.6032608695652174,0.39361702127659576,0.6873303004250908
0.6010928961748634,0.3900709219858156,0.6889832179550325
0.6043956043956044,0.3900709219858156,0.689717396938083
0.6077348066298343,0.3900709219858156,0.6899293739629282
0.6055555555555555,0.38652482269503546,0.6902285906742516
0.6089385474860335,0.38652482269503546,0.6922064382510775
0.6067415730337079,0.3829787234042553,0.6933735267831799
0.6045197740112994,0.37943262411347517,0.6945958809386292
0.6022727272727273,0.375886524822695,0.6947292881334955
0.6057142857142858,0.375886524822695,0.6958687756944909
0.6091954022988506,0.375886524822695,0.6980350589788618
0.6127167630057804,0.375886524822695,0.698516024303209
0.6162790697674418,0.375886524822695,0.6997378928310102
0.6140350877192983,0.3723404255319149,0.7009105894996995
0.6176470588235294,0.3723404255319149,0.7040643915285305
0.621301775147929,0.3723404255319149,0.7060996232303257
0.625,0.3723404255319149,0.706527433676398
0.6227544910179641,0.36879432624113473,0.7073202655326041
0.6265060240963856,0.36879432624113473,0.7083323981282279
0.6303030303030303,0.36879432624113473,0.7085428600964048
0.6341463414634146,0.36879432624113473,0.7099886608174767
0.6380368098159509,0.36879432624113473,0.7101278357435834
0.6358024691358025,0.36524822695035464,0.7112437643650636
0.639751552795031,0.36524822695035464,0.7117342976991882
0.64375,0.36524822695035464,0.712259835752542
0.6477987421383647,0.36524822695035464,0.7139843055475076
0.6455696202531646,0.3617021276595745,0.7146511811995623
0.6496815286624203,0.3617021276595745,0.7149949892648911
0.6538461538461539,0.3617021276595745,0.718096234031676
0.6516129032258065,0.35815602836879434,0.719864647811101
0.6493506493506493,0.3546099290780142,0.720017542763603
0.6535947712418301,0.3546099290780142,0.7207848770880877
0.6578947368421053,0.3546099290780142,0.722027635386754
0.6556291390728477,0.35106382978723405,0.7221086937938173
0.66,0.35106382978723405,0.723187956974511
0.6577181208053692,0.3475177304964539,0.7235680646389336
0.6554054054054054,0.34397163120567376,0.7243117483958189
0.6530612244897959,0.3404255319148936,0.7249293804989373
0.6575342465753424,0.3404255319148936,0.7253037724070376
0.6620689655172414,0.3404255319148936,0.7268489039874632
0.6597222222222222,0.33687943262411346,0.7270366268230913
0.6643356643356644,0.33687943262411346,0.7289146970025838
0.6619718309859155,0.3333333333333333,0.7293885620491922
0.6666666666666666,0.3333333333333333,0.7294281781985743
0.6642857142857143,0.32978723404255317,0.7309044032948638
0.6618705035971223,0.3262411347517731,0.7316104299285708
0.6594202898550725,0.32269503546099293,0.7339430295144174
0.6642335766423357,0.32269503546099293,0.7339901636805952
0.6691176470588235,0.32269503546099293,0.7359639706489156
0.674074074074074,0.32269503546099293,0.7376026780748609
0.6791044776119403,0.32269503546099293,0.7381615811854426
0.6766917293233082,0.3191489361702128,0.7382741729835961
0.6818181818181818,0.3191489361702128,0.7384039642332955
0.6870229007633588,0.3191489361702128,0.7393054416828975
0.6846153846153846,0.31560283687943264,0.7405972649438308
0.6821705426356589,0.3120567375886525,0.7435663122210434
0.6875,0.3120567375886525,0.7438161100415506
0.6850393700787402,0.30851063829787234,0.7438782185681663
0.6825396825396826,0.3049645390070922,0.7445759182658476
0.688,0.3049645390070922,0.7457955791783182
0.6854838709677419,0.30141843971631205,0.7467775968135197
0.6910569105691057,0.30141843971631205,0.7477263709887304
0.6967213114754098,0.30141843971631205,0.7479399843043169
0.7024793388429752,0.30141843971631205,0.7484880080653228
0.7,0.2978723404255319,0.7502721905671877
0.7058823529411765,0.2978723404255319,0.7503207284310268
0.711864406779661,0.2978723404255319,0.7510804661431639
0.717948717948718,0.2978723404255319,0.7512854746980447
0.7155172413793104,0.29432624113475175,0.75141235692169
0.7130434782608696,0.2907801418439716,0.7534982080123293
0.7105263157894737,0.2872340425531915,0.7544193574439279
0.7079646017699115,0.28368794326241137,0.755647910633947
0.7142857142857143,0.28368794326241137,0.755904406159753
0.7117117117117117,0.2801418439716312,0.7598657659897896
0.7090909090909091,0.2765957446808511,0.7612196467009359
0.7155963302752294,0.2765957446808511,0.7619810396433088
0.7129629629629629,0.2730496453900709,0.7631414491365801
0.719626168224299,0.2730496453900709,0.7644722338835412
0.7169811320754716,0.2695035460992908,0.7685635408683074
0.7142857142857143,0.26595744680851063,0.7756752576888151
0.7115384615384616,0.2624113475177305,0.7775919444021644
0.7087378640776699,0.25886524822695034,0.780277034222378
0.7156862745098039,0.25886524822695034,0.7817929557800894
0.7128712871287128,0.2553191489361702,0.7860371626171112
0.71,0.25177304964539005,0.7862319280247394
0.7070707070707071,0.24822695035460993,0.7866897345498534
0.7142857142857143,0.24822695035460993,0.7866988260422869
0.711340206185567,0.24468085106382978,0.7887254585539327
0.7083333333333334,0.24113475177304963,0.7889888503976762
0.7157894736842105,0.24113475177304963,0.7897288384204698
0.7127659574468085,0.2375886524822695,0.7916929560081749
0.7204301075268817,0.2375886524822695,0.7922287321852979
0.717391304347826,0.23404255319148937,0.7954748118984696
0.7142857142857143,0.23049645390070922,0.7982792592841357
0.7222222222222222,0.23049645390070922,0.798872340997064
0.7191011235955056,0.22695035460992907,0.7990420554139224
0.7159090909090909,0.22340425531914893,0.8006960810924801
0.7241379310344828,0.22340425531914893,0.8032682711886926
0.7209302325581395,0.2198581560283688,0.8033879410147475
0.7176470588235294,0.21631205673758866,0.804623496751814
0.7261904761904762,0.21631205673758866,0.808112875853665
0.7228915662650602,0.2127659574468085,0.8094202752016006
0.7317073170731707,0.2127659574468085,0.8096796012887036
0.7407407407407407,0.2127659574468085,0.8108832146080314
0.7375,0.20921985815602837,0.8139023880545274
0.7341772151898734,0.20567375886524822,0.8141989767362118
0.7307692307692307,0.20212765957446807,0.8148827205999591
0.7272727272727273,0.19858156028368795,0.8157932313073394
0.7236842105263158,0.1950354609929078,0.816938035598024
0.7333333333333333,0.1950354609929078,0.8187582394922361
0.7297297297297297,0.19148936170212766,0.8189070371193932
0.7397260273972602,0.19148936170212766,0.8207243589580481
0.75,0.19148936170212766,0.8221050869751084
0.7605633802816901,0.19148936170212766,0.8240836965918328
0.7714285714285715,0.19148936170212766,0.8243227702377242
0.7681159420289855,0.1879432624113475,0.8262334294619756
0.7647058823529411,0.18439716312056736,0.8289559072717613
0.7611940298507462,0.18085106382978725,0.8302584231507975
0.7727272727272727,0.18085106382978725,0.8321037872895927
0.7846153846153846,0.18085106382978725,0.8326855519185024
0.796875,0.18085106382978725,0.8339182208027164
0.8095238095238095,0.18085106382978725,0.8345392866081629
0.8064516129032258,0.1773049645390071,0.8348052111157496
0.8032786885245902,0.17375886524822695,0.8350089652302312
0.8,0.1702127659574468,0.8355685779047125
0.7966101694915254,0.16666666666666666,0.8360657253013759
0.7931034482758621,0.16312056737588654,0.8390911225300457
0.7894736842105263,0.1595744680851064,0.8394261705560703
0.7857142857142857,0.15602836879432624,0.8399593546144647
0.7818181818181819,0.1524822695035461,0.8399792672679993
0.7777777777777778,0.14893617021276595,0.8411544034632826
0.7735849056603774,0.1453900709219858,0.8467694507062178
0.7884615384615384,0.1453900709219858,0.8529457235459552
0.803921568627451,0.1453900709219858,0.8549816392665502
0.82,0.1453900709219858,0.855528931329034
0.8163265306122449,0.14184397163120568,0.858181989446591
0.8125,0.13829787234042554,0.8584690165441561
0.8297872340425532,0.13829787234042554,0.8588790345496092
0.8478260869565217,0.13829787234042554,0.860723318317015
0.8444444444444444,0.1347517730496454,0.8620305489705059
0.8409090909090909,0.13120567375886524,0.8652136971642947
0.8372093023255814,0.1276595744680851,0.8664001581621703
0.8571428571428571,0.1276595744680851,0.8667759527777684
0.8536585365853658,0.12411347517730496,0.8711058175855464
0.85,0.12056737588652482,0.8733219610958688
0.8461538461538461,0.11702127659574468,0.8735545984355995
0.868421052631579,0.11702127659574468,0.8760398521197976
0.8648648648648649,0.11347517730496454,0.876128077669868
0.8888888888888888,0.11347517730496454,0.8772347571254829
0.8857142857142857,0.1099290780141844,0.8783047924178251
0.8823529411764706,0.10638297872340426,0.8784459431221758
0.9090909090909091,0.10638297872340426,0.8792815479024472
0.9375,0.10638297872340426,0.8795817887359445
0.9354838709677419,0.10283687943262411,0.8797928910572486
0.9333333333333333,0.09929078014184398,0.8819521731502166
0.9310344827586207,0.09574468085106383,0.8859405493146711
0.9285714285714286,0.09219858156028368,0.8863830593262431
0.9259259259259259,0.08865248226950355,0.8876775822407836
0.9230769230769231,0.0851063829787234,0.8917961572089401
0.92,0.08156028368794327,0.8935327631848861
0.9166666666666666,0.07801418439716312,0.8990998333253251
0.9130434782608695,0.07446808510638298,0.9004780490324712
0.9090909090909091,0.07092198581560284,0.9024803167931146
0.9047619047619048,0.0673758865248227,0.9030503113034142
0.9,0.06382978723404255,0.907835496092758
0.8947368421052632,0.06028368794326241,0.9079282666910075
0.8888888888888888,0.05673758865248227,0.9097028995433943
0.8823529411764706,0.05319148936170213,0.9107762447398072
0.875,0.04964539007092199,0.9110576489336273
0.8666666666666667,0.04609929078014184,0.9121332576944174
0.8571428571428571,0.0425531914893617,0.9126892843482783
0.8461538461538461,0.03900709219858156,0.9137729138915662
0.9166666666666666,0.03900709219858156,0.9176963021138079
0.9090909090909091,0.03546099290780142,0.921113639768469
0.9,0.031914893617021274,0.9245508616468332
0.8888888888888888,0.028368794326241134,0.926145617881227
0.875,0.024822695035460994,0.9276814821622493
0.8571428571428571,0.02127659574468085,0.9431487908860242
1.0,0.02127659574468085,0.9484311769588506
1.0,0.01773049645390071,0.9590148334653522
1.0,0.014184397163120567,0.9595642539329983
1.0,0.010638297872340425,0.9624361164492472
1.0,0.0070921985815602835,0.9647775514495254
1.0,0.0035460992907801418,0.9935002053454243
